{
  "id": "/subscriptions/0e69a31e-726f-4d2f-ae8e-960f076706fa/resourceGroups/SEPA/providers/Microsoft.Resources/deployments/Microsoft.SQLDatabase.newDatabaseNewServer_f9c54b80c02f419090dce",
  "name": "Microsoft.SQLDatabase.newDatabaseNewServer_f9c54b80c02f419090dce",
  "properties": {
    "templateLink": {
      "uri": "https://gallery.azure.com/artifact/20161101/Microsoft.SQLDatabase.8.0.3/DeploymentTemplates/NewDatabaseNewServer.json",
      "contentVersion": "1.0.0.0"
    },
    "templateHash": "15610037260738832487",
    "parameters": {
      "administratorLogin": {
        "type": "String",
        "value": "ccarberry"
      },
      "administratorLoginPassword": {
        "type": "SecureString"
      },
      "collation": {
        "type": "String",
        "value": "SQL_Latin1_General_CP1_CI_AS"
      },
      "databaseName": {
        "type": "String",
        "value": "SEPACLOUD"
      },
      "tier": {
        "type": "String",
        "value": "Basic"
      },
      "skuName": {
        "type": "String",
        "value": "Basic"
      },
      "location": {
        "type": "String",
        "value": "westeurope"
      },
      "maxSizeBytes": {
        "type": "Int",
        "value": 1073741824
      },
      "serverName": {
        "type": "String",
        "value": "cjc"
      },
      "sampleName": {
        "type": "String",
        "value": ""
      },
      "zoneRedundant": {
        "type": "Bool",
        "value": false
      },
      "licenseType": {
        "type": "String",
        "value": ""
      },
      "readScaleOut": {
        "type": "String",
        "value": "Disabled"
      },
      "numberOfReplicas": {
        "type": "Int",
        "value": 0
      },
      "minCapacity": {
        "type": "String",
        "value": ""
      },
      "autoPauseDelay": {
        "type": "String",
        "value": ""
      },
      "enableADS": {
        "type": "Bool",
        "value": false
      },
      "allowAzureIps": {
        "type": "Bool",
        "value": true
      },
      "databaseTags": {
        "type": "Object",
        "value": {}
      },
      "serverTags": {
        "type": "Object",
        "value": {}
      },
      "enableVA": {
        "type": "Bool",
        "value": false
      }
    },
    "mode": "Incremental",
    "debugSetting": {
      "detailLevel": "None"
    },
    "provisioningState": "Running",
    "timestamp": "2019-05-30T17:47:46.175868Z",
    "duration": "PT20.6385986S",
    "correlationId": "5843b96f-5d4b-4907-807a-51fe2f02a294",
    "providers": [
      {
        "namespace": "Microsoft.Sql",
        "resourceTypes": [
          {
            "resourceType": "servers",
            "locations": [
              "westeurope"
            ]
          },
          {
            "resourceType": "servers/databases",
            "locations": [
              "westeurope"
            ]
          },
          {
            "resourceType": "servers/firewallrules",
            "locations": [
              "westeurope"
            ]
          }
        ]
      }
    ],
    "dependencies": [
      {
        "dependsOn": [
          {
            "id": "/subscriptions/0e69a31e-726f-4d2f-ae8e-960f076706fa/resourceGroups/SEPA/providers/Microsoft.Sql/servers/cjc",
            "resourceType": "Microsoft.Sql/servers",
            "resourceName": "cjc"
          }
        ],
        "id": "/subscriptions/0e69a31e-726f-4d2f-ae8e-960f076706fa/resourceGroups/SEPA/providers/Microsoft.Sql/servers/cjc/databases/SEPACLOUD",
        "resourceType": "Microsoft.Sql/servers/databases",
        "resourceName": "cjc/SEPACLOUD"
      },
      {
        "dependsOn": [
          {
            "id": "/subscriptions/0e69a31e-726f-4d2f-ae8e-960f076706fa/resourceGroups/SEPA/providers/Microsoft.Sql/servers/cjc",
            "resourceType": "Microsoft.Sql/servers",
            "resourceName": "cjc"
          }
        ],
        "id": "/subscriptions/0e69a31e-726f-4d2f-ae8e-960f076706fa/resourceGroups/SEPA/providers/Microsoft.Sql/servers/cjc/firewallrules/AllowAllWindowsAzureIps",
        "resourceType": "Microsoft.Sql/servers/firewallrules",
        "resourceName": "cjc/AllowAllWindowsAzureIps"
      },
      {
        "dependsOn": [
          {
            "id": "/subscriptions/0e69a31e-726f-4d2f-ae8e-960f076706fa/resourceGroups/SEPA/providers/Microsoft.Sql/servers/cjc",
            "resourceType": "Microsoft.Sql/servers",
            "resourceName": "cjc"
          },
          {
            "id": "/subscriptions/0e69a31e-726f-4d2f-ae8e-960f076706fa/resourceGroups/SEPA/providers/Microsoft.Sql/servers/cjc/databases/SEPACLOUD",
            "resourceType": "Microsoft.Sql/servers/databases",
            "resourceName": "cjc/SEPACLOUD"
          }
        ],
        "id": "/subscriptions/0e69a31e-726f-4d2f-ae8e-960f076706fa/resourceGroups/SEPA/providers/Microsoft.Sql/servers/cjc/securityAlertPolicies/Default",
        "resourceType": "Microsoft.Sql/servers/securityAlertPolicies",
        "resourceName": "cjc/Default"
      },
      {
        "dependsOn": [
          {
            "id": "/subscriptions/0e69a31e-726f-4d2f-ae8e-960f076706fa/resourceGroups/SEPA/providers/Microsoft.Sql/servers/cjc",
            "resourceType": "Microsoft.Sql/servers",
            "resourceName": "cjc"
          },
          {
            "id": "/subscriptions/0e69a31e-726f-4d2f-ae8e-960f076706fa/resourceGroups/SEPA/providers/Microsoft.Storage/storageAccounts/sqlva2odg3s2vqbjvc",
            "resourceType": "Microsoft.Storage/storageAccounts",
            "resourceName": "sqlva2odg3s2vqbjvc"
          },
          {
            "id": "/subscriptions/0e69a31e-726f-4d2f-ae8e-960f076706fa/resourceGroups/SEPA/providers/Microsoft.Sql/servers/cjc/securityAlertPolicies/Default",
            "resourceType": "Microsoft.Sql/servers/securityAlertPolicies",
            "resourceName": "cjc/Default"
          }
        ],
        "id": "/subscriptions/0e69a31e-726f-4d2f-ae8e-960f076706fa/resourceGroups/SEPA/providers/Microsoft.Sql/servers/cjc/vulnerabilityAssessments/Default",
        "resourceType": "Microsoft.Sql/servers/vulnerabilityAssessments",
        "resourceName": "cjc/Default"
      }
    ],
    "validationLevel": "Template"
  }
}