[
  {
    "id": "/subscriptions/0e69a31e-726f-4d2f-ae8e-960f076706fa/resourceGroups/SEPA/providers/Microsoft.Resources/deployments/Microsoft.SQLDatabase.newDatabaseNewServer_f9c54b80c02f419090dce/operations/D89CCF016E010134",
    "operationId": "D89CCF016E010134",
    "properties": {
      "provisioningOperation": "Create",
      "provisioningState": "Running",
      "timestamp": "2019-05-30T17:47:40.2515655Z",
      "duration": "PT14.3665273S",
      "trackingId": "16b9ef7e-2c49-4662-a3e2-17f0374bde69",
      "statusCode": "Accepted",
      "targetResource": {
        "id": "/subscriptions/0e69a31e-726f-4d2f-ae8e-960f076706fa/resourceGroups/SEPA/providers/Microsoft.Sql/servers/cjc",
        "resourceType": "Microsoft.Sql/servers",
        "resourceName": "cjc"
      }
    }
  }
]